slug,nombre_es,name_en,ruta,estado_texto,imagenes,musica,observaciones
argentina,Argentina,Argentina,/explore/argentina,investigado lote 02 — fuentes patrimoniales concretas; verificacion culinaria/local pendiente,1 portada gráfica original; fotos reales pendientes,2 canciones Spotify curadas; enlaces track verificados cuando existen; coro no comprobado,"No publicar antes de revisión cultural, licencia fotos, EN, prueba de embeds y verificación de coros."
bolivia,Bolivia,Bolivia,/explore/bolivia,investigado lote 02 — fuentes patrimoniales concretas; verificacion culinaria/local pendiente,1 portada gráfica original; fotos reales pendientes,2 canciones Spotify curadas; enlaces track verificados cuando existen; coro no comprobado,"No publicar antes de revisión cultural, licencia fotos, EN, prueba de embeds y verificación de coros."
brasil,Brasil,Brazil,/explore/brasil,investigado lote 01 — fuentes puntuales; revision comunitaria pendiente,1 portada gráfica original; fotos reales pendientes,2 canciones Spotify curadas en lote 02; revisar pistas sin URL individual; coro no comprobado,Lote 01 con adición de catálogo musical; todavía no aprobado para publicar.
chile,Chile,Chile,/explore/chile,investigado lote 02 — fuentes patrimoniales concretas; verificacion culinaria/local pendiente,1 portada gráfica original; fotos reales pendientes,2 canciones Spotify curadas; enlaces track verificados cuando existen; coro no comprobado,"No publicar antes de revisión cultural, licencia fotos, EN, prueba de embeds y verificación de coros."
colombia,Colombia,Colombia,/explore/colombia,investigado lote 01 — fuentes puntuales; revision comunitaria pendiente,1 portada gráfica original; fotos reales pendientes,4 canciones curadas en dos tandas; no todas las pistas previas están verificadas; coro no verificado,Ampliación música contemporánea lote 04; conservar patrimonio lote 01. Pendiente revisión local y fotos.
ecuador,Ecuador,Ecuador,/explore/ecuador,investigado lote 02 — fuentes patrimoniales concretas; verificacion culinaria/local pendiente,1 portada gráfica original; fotos reales pendientes,2 canciones Spotify curadas; enlaces track verificados cuando existen; coro no comprobado,"No publicar antes de revisión cultural, licencia fotos, EN, prueba de embeds y verificación de coros."
guyana,Guyana,Guyana,/explore/guyana,investigado lote 07 — fuentes sectoriales ampliadas; revisión editorial y comunitaria pendiente,1 portada gráfica original; fotos reales pendientes,2 candidatas; 1 pistas directas verificadas; resto búsquedas/pendientes,"Lote 07. NO PUBLICAR: revisar fuentes, voces locales, licencias de fotos, traducción EN y disponibilidad musical."
paraguay,Paraguay,Paraguay,/explore/paraguay,investigado lote 07 — fuentes sectoriales ampliadas; revisión editorial y comunitaria pendiente,1 portada gráfica original; fotos reales pendientes,2 candidatas; 1 pistas directas verificadas; resto búsquedas/pendientes,"Lote 07. NO PUBLICAR: revisar fuentes, voces locales, licencias de fotos, traducción EN y disponibilidad musical."
peru,Perú,Peru,/explore/peru,investigado lote 02 — fuentes patrimoniales concretas; verificacion culinaria/local pendiente,1 portada gráfica original; fotos reales pendientes,2 canciones Spotify curadas; enlaces track verificados cuando existen; coro no comprobado,"No publicar antes de revisión cultural, licencia fotos, EN, prueba de embeds y verificación de coros."
surinam,Surinam,Suriname,/explore/surinam,investigado lote 07 — fuentes sectoriales ampliadas; revisión editorial y comunitaria pendiente,1 portada gráfica original; fotos reales pendientes,2 candidatas; 1 pistas directas verificadas; resto búsquedas/pendientes,"Lote 07. NO PUBLICAR: revisar fuentes, voces locales, licencias de fotos, traducción EN y disponibilidad musical."
uruguay,Uruguay,Uruguay,/explore/uruguay,investigado lote 07 — fuentes sectoriales ampliadas; revisión editorial y comunitaria pendiente,1 portada gráfica original; fotos reales pendientes,2 candidatas; 2 pistas directas verificadas; resto búsquedas/pendientes,"Lote 07. NO PUBLICAR: revisar fuentes, voces locales, licencias de fotos, traducción EN y disponibilidad musical."
venezuela,Venezuela,Venezuela,/explore/venezuela,investigado lote 02 — fuentes patrimoniales concretas; verificacion culinaria/local pendiente,1 portada gráfica original; fotos reales pendientes,2 canciones Spotify curadas; enlaces track verificados cuando existen; coro no comprobado,"No publicar antes de revisión cultural, licencia fotos, EN, prueba de embeds y verificación de coros."
guayana-francesa,Guayana Francesa,French Guiana,/explore/guayana-francesa,investigado lote 07 — fuentes sectoriales ampliadas; revisión editorial y comunitaria pendiente,1 portada gráfica original; fotos reales pendientes,2 candidatas; 0 pistas directas verificadas; resto búsquedas/pendientes,"Lote 07. NO PUBLICAR: revisar fuentes, voces locales, licencias de fotos, traducción EN y disponibilidad musical."
islas-malvinas-falkland,Islas Malvinas / Falkland Islands,Falkland Islands / Islas Malvinas,/explore/islas-malvinas-falkland,investigado lote 07 — fuentes sectoriales ampliadas; revisión editorial y comunitaria pendiente,1 portada gráfica original; fotos reales pendientes,2 candidatas; 0 pistas directas verificadas; resto búsquedas/pendientes,"Lote 07. NO PUBLICAR: revisar fuentes, voces locales, licencias de fotos, traducción EN y disponibilidad musical."
belice,Belice,Belize,/explore/belice,investigado lote 03 — fuentes concretas; revisión local y multimedia pendiente,1 portada gráfica original; fotos reales pendientes,2 canciones famosas seleccionadas; Spotify URL verificada para 1 o 2 pistas; coro no verificado,"No publicar sin revisión cultural, glosas locales, licencia de fotos, inglés y prueba de reproducción."
costa-rica,Costa Rica,Costa Rica,/explore/costa-rica,investigado lote 03 — fuentes concretas; revisión local y multimedia pendiente,1 portada gráfica original; fotos reales pendientes,2 canciones famosas seleccionadas; Spotify URL verificada para 1 o 2 pistas; coro no verificado,"No publicar sin revisión cultural, glosas locales, licencia de fotos, inglés y prueba de reproducción."
el-salvador,El Salvador,El Salvador,/explore/el-salvador,investigado lote 03 — fuentes concretas; revisión local y multimedia pendiente,1 portada gráfica original; fotos reales pendientes,2 canciones famosas seleccionadas; Spotify URL verificada para 1 o 2 pistas; coro no verificado,"No publicar sin revisión cultural, glosas locales, licencia de fotos, inglés y prueba de reproducción."
guatemala,Guatemala,Guatemala,/explore/guatemala,investigado lote 03 — fuentes concretas; revisión local y multimedia pendiente,1 portada gráfica original; fotos reales pendientes,2 canciones famosas seleccionadas; Spotify URL verificada para 1 o 2 pistas; coro no verificado,"No publicar sin revisión cultural, glosas locales, licencia de fotos, inglés y prueba de reproducción."
honduras,Honduras,Honduras,/explore/honduras,investigado lote 03 — fuentes concretas; revisión local y multimedia pendiente,1 portada gráfica original; fotos reales pendientes,2 canciones famosas seleccionadas; Spotify URL verificada para 1 o 2 pistas; coro no verificado,"No publicar sin revisión cultural, glosas locales, licencia de fotos, inglés y prueba de reproducción."
nicaragua,Nicaragua,Nicaragua,/explore/nicaragua,investigado lote 03 — fuentes concretas; revisión local y multimedia pendiente,1 portada gráfica original; fotos reales pendientes,2 canciones famosas seleccionadas; Spotify URL verificada para 1 o 2 pistas; coro no verificado,"No publicar sin revisión cultural, glosas locales, licencia de fotos, inglés y prueba de reproducción."
panama,Panamá,Panama,/explore/panama,investigado lote 03 — fuentes concretas; revisión local y multimedia pendiente,1 portada gráfica original; fotos reales pendientes,2 canciones famosas seleccionadas; Spotify URL verificada para 1 o 2 pistas; coro no verificado,"No publicar sin revisión cultural, glosas locales, licencia de fotos, inglés y prueba de reproducción."
mexico,México,Mexico,/explore/mexico,investigado lote 01 — fuentes puntuales; revision comunitaria pendiente,1 portada gráfica original; fotos reales pendientes,2 canciones Spotify curadas en lote 02; revisar pistas sin URL individual; coro no comprobado,Lote 01 con adición de catálogo musical; todavía no aprobado para publicar.
estados-unidos,Estados Unidos,United States,/explore/estados-unidos,investigado lote 07 — fuentes sectoriales ampliadas; revisión editorial y comunitaria pendiente,1 portada gráfica original; fotos reales pendientes,2 candidatas; 2 pistas directas verificadas; resto búsquedas/pendientes,"Lote 07. NO PUBLICAR: revisar fuentes, voces locales, licencias de fotos, traducción EN y disponibilidad musical."
antigua-y-barbuda,Antigua y Barbuda,Antigua and Barbuda,/explore/antigua-y-barbuda,investigado lote 04 — fuentes institucionales para patrimonio; revisión culinaria/lingüística local pendiente,1 portada gráfica original; fotos reales pendientes,2 canciones curadas; pista específica si spotifyTrackUrl no es null; coro no verificado,Lote 04 Caribe; 0 fotografías reales autorizadas; faltan local review y EN. No publicar.
bahamas,Bahamas,The Bahamas,/explore/bahamas,investigado lote 04 — fuentes institucionales para patrimonio; revisión culinaria/lingüística local pendiente,1 portada gráfica original; fotos reales pendientes,2 canciones curadas; pista específica si spotifyTrackUrl no es null; coro no verificado,Lote 04 Caribe; 0 fotografías reales autorizadas; faltan local review y EN. No publicar.
barbados,Barbados,Barbados,/explore/barbados,investigado lote 04 — fuentes institucionales para patrimonio; revisión culinaria/lingüística local pendiente,1 portada gráfica original; fotos reales pendientes,2 canciones curadas; pista específica si spotifyTrackUrl no es null; coro no verificado,Lote 04 Caribe; 0 fotografías reales autorizadas; faltan local review y EN. No publicar.
cuba,Cuba,Cuba,/explore/cuba,investigado lote 04 — fuentes institucionales para patrimonio; revisión culinaria/lingüística local pendiente,1 portada gráfica original; fotos reales pendientes,2 canciones curadas; pista específica si spotifyTrackUrl no es null; coro no verificado,Lote 04 Caribe; 0 fotografías reales autorizadas; faltan local review y EN. No publicar.
dominica,Dominica,Dominica,/explore/dominica,investigado lote 04 — fuentes institucionales para patrimonio; revisión culinaria/lingüística local pendiente,1 portada gráfica original; fotos reales pendientes,2 canciones curadas; pista específica si spotifyTrackUrl no es null; coro no verificado,Lote 04 Caribe; 0 fotografías reales autorizadas; faltan local review y EN. No publicar.
republica-dominicana,República Dominicana,Dominican Republic,/explore/republica-dominicana,investigado lote 04 — fuentes institucionales para patrimonio; revisión culinaria/lingüística local pendiente,1 portada gráfica original; fotos reales pendientes,2 canciones curadas; pista específica si spotifyTrackUrl no es null; coro no verificado,Lote 04 Caribe; 0 fotografías reales autorizadas; faltan local review y EN. No publicar.
granada,Granada,Grenada,/explore/granada,investigado lote 05 — bibliografía institucional; revisión cultural/lingüística local pendiente,1 portada gráfica original; fotos reales pendientes,2 canciones propuestas; pista específica solo si spotifyTrackUrl != null; coro sin verificar,"Lote 05 Caribe. NO PUBLICAR sin revisión local, fotos reales licenciadas y traducción EN."
haiti,Haití,Haiti,/explore/haiti,investigado lote 01 — fuentes puntuales; revision comunitaria pendiente,1 portada gráfica original; fotos reales pendientes,2 canciones Spotify curadas en lote 02; revisar pistas sin URL individual; coro no comprobado,Lote 01 con adición de catálogo musical; todavía no aprobado para publicar.
jamaica,Jamaica,Jamaica,/explore/jamaica,investigado lote 01 — fuentes puntuales; revision comunitaria pendiente,1 portada gráfica original; fotos reales pendientes,2 canciones Spotify curadas en lote 02; revisar pistas sin URL individual; coro no comprobado,Lote 01 con adición de catálogo musical; todavía no aprobado para publicar.
san-cristobal-y-nieves,San Cristóbal y Nieves,Saint Kitts and Nevis,/explore/san-cristobal-y-nieves,investigado lote 05 — bibliografía institucional; revisión cultural/lingüística local pendiente,1 portada gráfica original; fotos reales pendientes,2 canciones propuestas; pista específica solo si spotifyTrackUrl != null; coro sin verificar,"Lote 05 Caribe. NO PUBLICAR sin revisión local, fotos reales licenciadas y traducción EN."
santa-lucia,Santa Lucía,Saint Lucia,/explore/santa-lucia,investigado lote 05 — bibliografía institucional; revisión cultural/lingüística local pendiente,1 portada gráfica original; fotos reales pendientes,2 canciones propuestas; pista específica solo si spotifyTrackUrl != null; coro sin verificar,"Lote 05 Caribe. NO PUBLICAR sin revisión local, fotos reales licenciadas y traducción EN."
san-vicente-y-las-granadinas,San Vicente y las Granadinas,Saint Vincent and the Grenadines,/explore/san-vicente-y-las-granadinas,investigado lote 05 — bibliografía institucional; revisión cultural/lingüística local pendiente,1 portada gráfica original; fotos reales pendientes,2 canciones propuestas; pista específica solo si spotifyTrackUrl != null; coro sin verificar,"Lote 05 Caribe. NO PUBLICAR sin revisión local, fotos reales licenciadas y traducción EN."
trinidad-y-tobago,Trinidad y Tobago,Trinidad and Tobago,/explore/trinidad-y-tobago,investigado lote 04 — fuentes institucionales para patrimonio; revisión culinaria/lingüística local pendiente,1 portada gráfica original; fotos reales pendientes,2 canciones curadas; pista específica si spotifyTrackUrl no es null; coro no verificado,Lote 04 Caribe; 0 fotografías reales autorizadas; faltan local review y EN. No publicar.
anguila,Anguila,Anguilla,/explore/anguila,investigado lote 06 — enlaces fuentes puntuales; revisión cultural y multimedia pendientes,1 portada gráfica original; fotos reales pendientes,2 selecciones orientativas; sólo algunas con pista Spotify cotejada; no autoplay/coro,"No publicar hasta revisión local, EN, fotografías autorizadas y prueba individual de enlaces."
aruba,Aruba,Aruba,/explore/aruba,investigado lote 05 — bibliografía institucional; revisión cultural/lingüística local pendiente,1 portada gráfica original; fotos reales pendientes,2 canciones propuestas; pista específica solo si spotifyTrackUrl != null; coro sin verificar,"Lote 05 Caribe. NO PUBLICAR sin revisión local, fotos reales licenciadas y traducción EN."
bonaire,Bonaire,Bonaire,/explore/bonaire,investigado lote 06 — enlaces fuentes puntuales; revisión cultural y multimedia pendientes,1 portada gráfica original; fotos reales pendientes,2 selecciones orientativas; sólo algunas con pista Spotify cotejada; no autoplay/coro,"No publicar hasta revisión local, EN, fotografías autorizadas y prueba individual de enlaces."
islas-virgenes-britanicas,Islas Vírgenes Británicas,British Virgin Islands,/explore/islas-virgenes-britanicas,investigado lote 07 — fuentes sectoriales ampliadas; revisión editorial y comunitaria pendiente,1 portada gráfica original; fotos reales pendientes,2 candidatas; 0 pistas directas verificadas; resto búsquedas/pendientes,"Lote 07. NO PUBLICAR: revisar fuentes, voces locales, licencias de fotos, traducción EN y disponibilidad musical."
islas-caiman,Islas Caimán,Cayman Islands,/explore/islas-caiman,investigado lote 07 — fuentes sectoriales ampliadas; revisión editorial y comunitaria pendiente,1 portada gráfica original; fotos reales pendientes,2 candidatas; 0 pistas directas verificadas; resto búsquedas/pendientes,"Lote 07. NO PUBLICAR: revisar fuentes, voces locales, licencias de fotos, traducción EN y disponibilidad musical."
curazao,Curazao,Curaçao,/explore/curazao,investigado lote 01 — fuentes puntuales; revision comunitaria pendiente,1 portada gráfica original; fotos reales pendientes,2 canciones Spotify curadas en lote 02; revisar pistas sin URL individual; coro no comprobado,Lote 01 con adición de catálogo musical; todavía no aprobado para publicar.
guadalupe,Guadalupe,Guadeloupe,/explore/guadalupe,investigado lote 05 — bibliografía institucional; revisión cultural/lingüística local pendiente,1 portada gráfica original; fotos reales pendientes,2 canciones propuestas; pista específica solo si spotifyTrackUrl != null; coro sin verificar,"Lote 05 Caribe. NO PUBLICAR sin revisión local, fotos reales licenciadas y traducción EN."
martinica,Martinica,Martinique,/explore/martinica,investigado lote 05 — bibliografía institucional; revisión cultural/lingüística local pendiente,1 portada gráfica original; fotos reales pendientes,2 canciones propuestas; pista específica solo si spotifyTrackUrl != null; coro sin verificar,"Lote 05 Caribe. NO PUBLICAR sin revisión local, fotos reales licenciadas y traducción EN."
montserrat,Montserrat,Montserrat,/explore/montserrat,investigado lote 06 — enlaces fuentes puntuales; revisión cultural y multimedia pendientes,1 portada gráfica original; fotos reales pendientes,2 selecciones orientativas; sólo algunas con pista Spotify cotejada; no autoplay/coro,"No publicar hasta revisión local, EN, fotografías autorizadas y prueba individual de enlaces."
puerto-rico,Puerto Rico,Puerto Rico,/explore/puerto-rico,investigado lote 02 — fuentes patrimoniales concretas; verificacion culinaria/local pendiente,1 portada gráfica original; fotos reales pendientes,2 canciones Spotify curadas; enlaces track verificados cuando existen; coro no comprobado,"No publicar antes de revisión cultural, licencia fotos, EN, prueba de embeds y verificación de coros."
saba,Saba,Saba,/explore/saba,investigado lote 06 — enlaces fuentes puntuales; revisión cultural y multimedia pendientes,1 portada gráfica original; fotos reales pendientes,2 selecciones orientativas; sólo algunas con pista Spotify cotejada; no autoplay/coro,"No publicar hasta revisión local, EN, fotografías autorizadas y prueba individual de enlaces. Saba: repertorio musical local pendiente."
san-bartolome,San Bartolomé,Saint Barthélemy,/explore/san-bartolome,investigado lote 07 — fuentes sectoriales ampliadas; revisión editorial y comunitaria pendiente,1 portada gráfica original; fotos reales pendientes,2 candidatas; 0 pistas directas verificadas; resto búsquedas/pendientes,"Lote 07. NO PUBLICAR: revisar fuentes, voces locales, licencias de fotos, traducción EN y disponibilidad musical."
san-martin-frances,San Martín (parte francesa),Saint Martin (French part),/explore/san-martin-frances,investigado lote 06 — enlaces fuentes puntuales; revisión cultural y multimedia pendientes,1 portada gráfica original; fotos reales pendientes,2 selecciones orientativas; sólo algunas con pista Spotify cotejada; no autoplay/coro,"No publicar hasta revisión local, EN, fotografías autorizadas y prueba individual de enlaces."
san-eustaquio,San Eustaquio,Sint Eustatius,/explore/san-eustaquio,investigado lote 06 — enlaces fuentes puntuales; revisión cultural y multimedia pendientes,1 portada gráfica original; fotos reales pendientes,2 selecciones orientativas; sólo algunas con pista Spotify cotejada; no autoplay/coro,"No publicar hasta revisión local, EN, fotografías autorizadas y prueba individual de enlaces."
sint-maarten,Sint Maarten (parte neerlandesa),Sint Maarten,/explore/sint-maarten,investigado lote 06 — enlaces fuentes puntuales; revisión cultural y multimedia pendientes,1 portada gráfica original; fotos reales pendientes,2 selecciones orientativas; sólo algunas con pista Spotify cotejada; no autoplay/coro,"No publicar hasta revisión local, EN, fotografías autorizadas y prueba individual de enlaces."
turcas-y-caicos,Islas Turcas y Caicos,Turks and Caicos Islands,/explore/turcas-y-caicos,investigado lote 07 — fuentes sectoriales ampliadas; revisión editorial y comunitaria pendiente,1 portada gráfica original; fotos reales pendientes,2 candidatas; 0 pistas directas verificadas; resto búsquedas/pendientes,"Lote 07. NO PUBLICAR: revisar fuentes, voces locales, licencias de fotos, traducción EN y disponibilidad musical."
islas-virgenes-eeuu,Islas Vírgenes de Estados Unidos,U.S. Virgin Islands,/explore/islas-virgenes-eeuu,investigado lote 07 — fuentes sectoriales ampliadas; revisión editorial y comunitaria pendiente,1 portada gráfica original; fotos reales pendientes,2 candidatas; 0 pistas directas verificadas; resto búsquedas/pendientes,"Lote 07. NO PUBLICAR: revisar fuentes, voces locales, licencias de fotos, traducción EN y disponibilidad musical."
bermudas,Bermudas,Bermuda,/explore/bermudas,investigado lote 07 — fuentes sectoriales ampliadas; revisión editorial y comunitaria pendiente,1 portada gráfica original; fotos reales pendientes,2 candidatas; 0 pistas directas verificadas; resto búsquedas/pendientes,"Lote 07. NO PUBLICAR: revisar fuentes, voces locales, licencias de fotos, traducción EN y disponibilidad musical."
canada,Canadá,Canada,/explore/canada,investigado lote 01 — fuentes puntuales; revision comunitaria pendiente,pendiente,2 canciones Spotify curadas en lote 02; revisar pistas sin URL individual; coro no comprobado,Lote 01 con adición de catálogo musical; todavía no aprobado para publicar.
