slug,nombre_es,name_en,ruta,estado_texto,imagenes,musica,observaciones
argentina,Argentina,Argentina,/explore/argentina,por completar,,,
bolivia,Bolivia,Bolivia,/explore/bolivia,por completar,,,
brasil,Brasil,Brazil,/explore/brasil,por completar,,,
chile,Chile,Chile,/explore/chile,por completar,,,
colombia,Colombia,Colombia,/explore/colombia,por completar,,,
ecuador,Ecuador,Ecuador,/explore/ecuador,por completar,,,
guyana,Guyana,Guyana,/explore/guyana,por completar,,,
paraguay,Paraguay,Paraguay,/explore/paraguay,por completar,,,
peru,Perú,Peru,/explore/peru,por completar,,,
surinam,Surinam,Suriname,/explore/surinam,por completar,,,
uruguay,Uruguay,Uruguay,/explore/uruguay,por completar,,,
venezuela,Venezuela,Venezuela,/explore/venezuela,por completar,,,
guayana-francesa,Guayana Francesa,French Guiana,/explore/guayana-francesa,por completar,,,
islas-malvinas-falkland,Islas Malvinas / Falkland Islands,Falkland Islands / Islas Malvinas,/explore/islas-malvinas-falkland,por completar,,,
belice,Belice,Belize,/explore/belice,por completar,,,
costa-rica,Costa Rica,Costa Rica,/explore/costa-rica,por completar,,,
el-salvador,El Salvador,El Salvador,/explore/el-salvador,por completar,,,
guatemala,Guatemala,Guatemala,/explore/guatemala,por completar,,,
honduras,Honduras,Honduras,/explore/honduras,por completar,,,
nicaragua,Nicaragua,Nicaragua,/explore/nicaragua,por completar,,,
panama,Panamá,Panama,/explore/panama,por completar,,,
mexico,México,Mexico,/explore/mexico,por completar,,,
estados-unidos,Estados Unidos,United States,/explore/estados-unidos,por completar,,,
antigua-y-barbuda,Antigua y Barbuda,Antigua and Barbuda,/explore/antigua-y-barbuda,por completar,,,
bahamas,Bahamas,The Bahamas,/explore/bahamas,por completar,,,
barbados,Barbados,Barbados,/explore/barbados,por completar,,,
cuba,Cuba,Cuba,/explore/cuba,por completar,,,
dominica,Dominica,Dominica,/explore/dominica,por completar,,,
republica-dominicana,República Dominicana,Dominican Republic,/explore/republica-dominicana,por completar,,,
granada,Granada,Grenada,/explore/granada,por completar,,,
haiti,Haití,Haiti,/explore/haiti,por completar,,,
jamaica,Jamaica,Jamaica,/explore/jamaica,por completar,,,
san-cristobal-y-nieves,San Cristóbal y Nieves,Saint Kitts and Nevis,/explore/san-cristobal-y-nieves,por completar,,,
santa-lucia,Santa Lucía,Saint Lucia,/explore/santa-lucia,por completar,,,
san-vicente-y-las-granadinas,San Vicente y las Granadinas,Saint Vincent and the Grenadines,/explore/san-vicente-y-las-granadinas,por completar,,,
trinidad-y-tobago,Trinidad y Tobago,Trinidad and Tobago,/explore/trinidad-y-tobago,por completar,,,
anguila,Anguila,Anguilla,/explore/anguila,por completar,,,
aruba,Aruba,Aruba,/explore/aruba,por completar,,,
bonaire,Bonaire,Bonaire,/explore/bonaire,por completar,,,
islas-virgenes-britanicas,Islas Vírgenes Británicas,British Virgin Islands,/explore/islas-virgenes-britanicas,por completar,,,
islas-caiman,Islas Caimán,Cayman Islands,/explore/islas-caiman,por completar,,,
curazao,Curazao,Curaçao,/explore/curazao,por completar,,,
guadalupe,Guadalupe,Guadeloupe,/explore/guadalupe,por completar,,,
martinica,Martinica,Martinique,/explore/martinica,por completar,,,
montserrat,Montserrat,Montserrat,/explore/montserrat,por completar,,,
puerto-rico,Puerto Rico,Puerto Rico,/explore/puerto-rico,por completar,,,
saba,Saba,Saba,/explore/saba,por completar,,,
san-bartolome,San Bartolomé,Saint Barthélemy,/explore/san-bartolome,por completar,,,
san-martin-frances,San Martín (parte francesa),Saint Martin (French part),/explore/san-martin-frances,por completar,,,
san-eustaquio,San Eustaquio,Sint Eustatius,/explore/san-eustaquio,por completar,,,
sint-maarten,Sint Maarten (parte neerlandesa),Sint Maarten,/explore/sint-maarten,por completar,,,
turcas-y-caicos,Islas Turcas y Caicos,Turks and Caicos Islands,/explore/turcas-y-caicos,por completar,,,
islas-virgenes-eeuu,Islas Vírgenes de Estados Unidos,U.S. Virgin Islands,/explore/islas-virgenes-eeuu,por completar,,,
bermudas,Bermudas,Bermuda,/explore/bermudas,por completar,,,
canada,Canadá,Canada,/explore/canada,por completar,,,
